<?xml version="1.0" encoding="UTF-8"?>
<p:BtwIdentificatieMededelingVastgelegd
	gebeurtenisID="14a12e9f-d8e4-45d0-a814-1a6ab2e1962b"
	subjectID="NL651234556B94"
	werkprocesnaam="BtwIdentificatieMededelingVastgelegd"
	xmlns:p="urn://www.belastingdienst.nl/ob/klantregistratie/btwidentificatie/event/v1"
	xmlns:p1="urn://www.belastingdienst.nl/ob/core/v1"
	xmlns:p2="urn://www.belastingdienst.nl/ob/klantregistratie/common/monitoring/v1"
	xmlns:p3="urn://www.belastingdienst.nl/ob/klantregistratie/v1"
	xmlns:p4="urn://www.belastingdienst.nl/ob/klantregistratie/detail/v2"
	xmlns:p5="urn://www.belastingdienst.nl/ob/klantregistratie/domeinwaarden/v1"
	xmlns:xsi="http://www.w3.org/2001/XMLSchema-instance"
	xsi:schemaLocation="urn://www.belastingdienst.nl/ob/klantregistratie/btwidentificatie/event/v1 ../et_v1.xsd "
	zaakID="14a12e9f-d8e4-45d0-a814-1a6ab2e1962d">
	<aanmaakMoment>2019-05-20T12:00:00Z</aanmaakMoment>
	<eventID>14a12e9f-d8e4-45d0-a814-1a6ab2e1962d</eventID>
	<seqnr>12453</seqnr>
	<mededelingBtwIdentificatie>
		<p3:BTWIdentificatieNummer>NL651234556B94</p3:BTWIdentificatieNummer>
		<Correspondentiekenmerk>CCN1903767</Correspondentiekenmerk>
		<Mededelingsoort>CN</Mededelingsoort>
		<aanmaakdatum>2019-05-16Z</aanmaakdatum>
		<dagtekening>2019-05-26Z</dagtekening>
	</mededelingBtwIdentificatie>
</p:BtwIdentificatieMededelingVastgelegd>
