<?xml version="1.0" encoding="UTF-8"?>
<p:BtwIdentificatieVastgelegdEvent
	gebeurtenisID="14a12e9f-d8e4-45d0-a814-1a6ab2e1962b"
	subjectID="NL651234556B94"
	werkprocesnaam="BtwIdentificatieVastgelegdEvent"
	xmlns:p="urn://www.belastingdienst.nl/ob/klantregistratie/btwidentificatie/event/v1"
	xmlns:p1="urn://www.belastingdienst.nl/ob/core/v1"
	xmlns:p2="urn://www.belastingdienst.nl/ob/klantregistratie/common/monitoring/v1"
	xmlns:p3="urn://www.belastingdienst.nl/ob/klantregistratie/v1"
	xmlns:p4="urn://www.belastingdienst.nl/ob/klantregistratie/detail/v2"
	xmlns:p5="urn://www.belastingdienst.nl/ob/klantregistratie/domeinwaarden/v1"
	xmlns:xsi="http://www.w3.org/2001/XMLSchema-instance"
	xsi:schemaLocation="urn://www.belastingdienst.nl/ob/klantregistratie/btwidentificatie/event/v1 ../et_v1.xsd "
	zaakID="14a12e9f-d8e4-45d0-a814-1a6ab2e1962d">
	<aanmaakMoment>2019-05-20T12:00:00Z</aanmaakMoment>
	<eventID>14a12e9f-d8e4-45d0-a814-1a6ab2e1962d</eventID>
	<seqnr>12453</seqnr>
	<p4:BtwIdentificatie
		xsi:type="p4:BtwIdentificatieUitgegevenDoorNederland">
		<btwIDNummer>NL198100541B01</btwIDNummer>
		<ondernemer>
			<persoonsnummer>198100541</persoonsnummer>
		</ondernemer>
		<lidstaatVanUitgifte>NL</lidstaatVanUitgifte>
		<administratieveEenheid>
			<subnummer>01</subnummer>
			<obnummer>198100541B01</obnummer>
		</administratieveEenheid>
		<actueleGeldigheid>
			<aanvangsdatum>2005-05-20</aanvangsdatum>
		</actueleGeldigheid>
	</p4:BtwIdentificatie>
</p:BtwIdentificatieVastgelegdEvent>

